{
  "project_info": {
    "project_number": "801478316365",
    "firebase_url": "https://mobile-bill-splitter-5874d.firebaseio.com",
    "project_id": "mobile-bill-splitter-5874d",
    "storage_bucket": "mobile-bill-splitter-5874d.appspot.com"
  },
  "client": [
    {
      "client_info": {
        "mobilesdk_app_id": "1:801478316365:android:e4d4e78c4b86d9ae",
        "android_client_info": {
          "package_name": "com.example.mobilebillsplitter"
        }
      },
      "oauth_client": [
        {
          "client_id": "801478316365-ffuoturea2nhbi79343oeghe86564v6u.apps.googleusercontent.com",
          "client_type": 3
        }
      ],
      "api_key": [
        {
          "current_key": "AIzaSyCTrlSYx7po9pTp6SRxdFSfs7YIhErzLaY"
        }
      ],
      "services": {
        "appinvite_service": {
          "other_platform_oauth_client": [
            {
              "client_id": "801478316365-ffuoturea2nhbi79343oeghe86564v6u.apps.googleusercontent.com",
              "client_type": 3
            }
          ]
        }
      }
    }
  ],
  "configuration_version": "1"
}